epoch,train_loss,val_loss,val_accuracy,"# {'start_time': '2025-02-10 15:16:08', 'learning_rate': 0.001, 'batch_size': 128, 'epochs': 10, 'optimizer': 'Adam', 'criterion': 'CrossEntropyLoss', 'model_name': 'CentralNet', 'channels': 16, 'fusingmix': '11,32,53', 'fusetype': 'wsum', 'num_outputs': 10}
"
1,2.969378308362739,0.3707376018166542,87.14
2,1.5371270304502442,0.3983270313590765,88.08
3,1.3220835994842441,0.216269988194108,93.2
4,1.2067012657952862,0.1823370003141463,94.22
5,1.1358605143635772,0.19655649308115244,94.14
6,1.0875497551851494,0.12170584360137582,96.0
7,1.0455159987128058,0.08459705086424947,97.24
8,1.0195924970992776,0.14099559308961035,95.7
9,0.9942308647688045,0.19624740891158582,94.98
10,0.9786908949530402,0.0899330117739737,97.12
