epoch,train_loss,val_loss,val_accuracy,"# {'start_time': '2025-02-10 15:06:38', 'learning_rate': 0.001, 'batch_size': 128, 'epochs': 10, 'optimizer': 'Adam', 'criterion': 'CrossEntropyLoss', 'model_name': 'CentralNet', 'channels': 16, 'fusingmix': '11,32,53', 'fusetype': 'wsum', 'num_outputs': 10}
"
1,3.0362298657727798,0.3949095755815506,85.56
2,1.4581659635832143,0.2648162428289652,90.76
3,1.2406829870024392,0.08667512657120824,97.18
4,1.142405235628749,0.252181934507098,91.64
5,1.080339545843213,0.16874871851177886,94.86
6,1.0307690991911778,0.24869015868753194,92.68
7,0.990772000301716,0.1673171367147006,94.84
8,0.9755494817744854,0.08431628830730915,97.32
9,0.9457762959391571,0.30049067223299064,92.28
10,0.9308425081330677,0.17701597192935878,95.54
