epoch,train_loss,val_loss,val_accuracy,"# {'start_time': '2025-02-10 14:47:37', 'learning_rate': 0.001, 'batch_size': 128, 'epochs': 10, 'optimizer': 'Adam', 'criterion': 'CrossEntropyLoss', 'model_name': 'CentralNet', 'channels': 16, 'fusingmix': '11,32,53', 'fusetype': 'wsum', 'num_outputs': 10}
"
1,3.3151091320570125,0.471736191958189,84.26
2,1.7936889759329862,0.6612765535712242,77.72
3,1.5220655324847199,0.26959919836372137,90.66
4,1.3769656988077386,0.22582016102969646,92.76
5,1.2901130293690881,0.20186120169237257,93.34
6,1.228911466376726,0.2163332611788064,92.78
7,1.1687882391519324,0.12449065488763153,95.88
8,1.127325876091802,0.2435163096524775,92.82
9,1.0872435526792392,0.28358897417783735,92.2
10,1.0583590662756632,0.3439482843503356,91.8
